{"chunk_definitions":[{"row":14,"row_count":1,"visible":true,"expansion_state":0,"options":{"engine":"---","label":"unnamed-chunk-1"},"document_id":"B0DAA6CD","chunk_id":"cn76jngt7ssjs","chunk_label":"unnamed-chunk-2"},{"row":16,"row_count":1,"visible":true,"expansion_state":0,"options":{"engine":"r","echo":false,"out.width":"100%","fig.align":"center","cache":true,"label":"unnamed-chunk-2"},"document_id":"B0DAA6CD","chunk_id":"ceten7va6tvg4","chunk_label":"unnamed-chunk-2"},{"row":38,"row_count":1,"visible":true,"expansion_state":0,"options":{"engine":"r","warnings":false,"message":false,"echo":false,"label":"unnamed-chunk-3"},"document_id":"B0DAA6CD","chunk_id":"cvuy01fwtn8ez","chunk_label":"unnamed-chunk-3"}],"doc_write_time":1700668071}